{"cameraMode":{"drawMode":0,"name":"Shaded","section":"Shading Mode"},"sceneLighting":true,"audioPlay":false,"sceneViewState":{"m_AlwaysRefresh":false,"showFog":true,"showSkybox":true,"showFlares":true,"showImageEffects":true,"showParticleSystems":true,"showVisualEffectGraphs":true,"m_FxEnabled":true},"in2DMode":false,"pivot":{"x":0.8092854022979736,"y":5.0557122230529789,"z":3.8352389335632326},"rotation":{"x":0.1988053023815155,"y":-0.31790119409561159,"z":0.06836050748825073,"w":0.9245216250419617},"size":10.449999809265137,"orthographic":true}